period,time,demand_kw,diesel_generation_kw,solar_radiation,min_injection_threshold,injection_condition,pv_injection_potential,theoretical_pv_generation,actual_pv_injection,unused_pv_energy
2018-10,0:00,262.73,700,0,364,0,0,0,0,0
2018-10,0:15,258.68,700,0,364,0,0,0,0,0
2018-10,0:30,252.6,700,0,364,0,0,0,0,0
2018-10,0:45,247.82,700,0,364,0,0,0,0,0
2018-10,1:00,242.33,400,0,208,1,34.33,0,0,0
2018-10,1:15,241,400,0,208,1,33,0,0,0
2018-10,1:30,238.03,400,0,208,1,30.03,0,0,0
2018-10,1:45,236,400,0,208,1,28,0,0,0
2018-10,2:00,235,400,0,208,1,27,0,0,0
2018-10,2:15,231.58,400,0,208,1,23.58,0,0,0
2018-10,2:30,229.57,400,0,208,1,21.57,0,0,0
2018-10,2:45,231.85,300,0,156,1,75.85,0,0,0
2018-10,3:00,231.22,300,0,156,1,75.22,0,0,0
2018-10,3:15,228.46,300,0,156,1,72.46,0,0,0
2018-10,3:30,228.55,300,0,156,1,72.55,0,0,0
2018-10,3:45,226.39,300,0,156,1,70.39,0,0,0
2018-10,4:00,226.1,300,0,156,1,70.1,0,0,0
2018-10,4:15,224.87,300,0,156,1,68.87,0,0,0
2018-10,4:30,222.47,400,0,208,1,14.47,0,0,0
2018-10,4:45,223.64,300,0,156,1,67.64,0,0,0
2018-10,5:00,226.63,400,0,208,1,18.63,0,0,0
2018-10,5:15,229.46,300,0,156,1,73.46,0,0,0
2018-10,5:30,228.48,400,0,208,1,20.48,0,0,0
2018-10,5:45,224.37,400,0.39,208,1,16.37,0.17,0.17,0
2018-10,6:00,204.92,400,7.18,208,0,0,3.06,0,3.06
2018-10,6:15,213.68,400,18.56,208,1,5.68,7.91,5.68,2.23
2018-10,6:30,225.77,400,36.31,208,1,17.77,15.48,15.48,0
2018-10,6:45,234.95,400,69.75,208,1,26.95,29.74,26.95,2.79
2018-10,7:00,249.64,400,108.85,208,1,41.64,46.41,41.64,4.77
2018-10,7:15,265.39,400,145.67,208,1,57.39,62.11,57.39,4.72
2018-10,7:30,277.45,400,182.07,208,1,69.45,77.63,69.45,8.18
2018-10,7:45,289.67,400,231.53,208,1,81.67,98.72,81.67,17.05
2018-10,8:00,306.44,400,276.04,208,1,98.44,117.69,98.44,19.25
2018-10,8:15,318.88,400,315.37,208,1,110.88,134.46,110.88,23.58
2018-10,8:30,333.34,400,364.36,208,1,125.34,155.35,125.34,30.01
2018-10,8:45,337.12,400,431.7,208,1,129.12,184.06,129.12,54.94
2018-10,9:00,343.92,400,470.09,208,1,135.92,200.43,135.92,64.51
2018-10,9:15,351.97,400,492.09,208,1,143.97,209.81,143.97,65.84
2018-10,9:30,361.05,400,527.76,208,1,153.05,225.02,153.05,71.97
2018-10,9:45,362.49,400,560.47,208,1,154.49,238.96,154.49,84.47
2018-10,10:00,372.73,400,607.68,208,1,164.73,259.09,164.73,94.36
2018-10,10:15,375.74,400,665.82,208,1,167.74,283.88,167.74,116.14
2018-10,10:30,381.26,400,640.56,208,1,173.26,273.11,173.26,99.85
2018-10,10:45,384.39,400,653.14,208,1,176.39,278.47,176.39,102.08
2018-10,11:00,394.31,900,661.39,468,0,0,281.99,0,281.99
2018-10,11:15,400.94,900,684.91,468,0,0,292.02,0,292.02
2018-10,11:30,405.49,900,680.09,468,0,0,289.96,0,289.96
2018-10,11:45,394.4,900,676.76,468,0,0,288.54,0,288.54
2018-10,12:00,372.4,400,699.54,208,1,164.4,298.26,164.4,133.86
2018-10,12:15,364.57,400,743.63,208,1,156.57,317.05,156.57,160.48
2018-10,12:30,359.95,400,706.22,208,1,151.95,301.1,151.95,149.15
2018-10,12:45,356.52,400,709.65,208,1,148.52,302.57,148.52,154.05
2018-10,13:00,359.66,400,700.37,208,1,151.66,298.61,151.66,146.95
2018-10,13:15,368.34,700,730.83,364,1,4.34,311.6,4.34,307.26
2018-10,13:30,373.51,700,691.19,364,1,9.51,294.7,9.51,285.19
2018-10,13:45,375.07,700,634.09,364,1,11.07,270.35,11.07,259.28
2018-10,14:00,377.1,700,654.42,364,1,13.1,279.02,13.1,265.92
2018-10,14:15,381.16,700,596.9,364,1,17.16,254.49,17.16,237.33
2018-10,14:30,386.58,700,518.55,364,1,22.58,221.09,22.58,198.51
2018-10,14:45,388.96,700,547.84,364,1,24.96,233.58,24.96,208.62
2018-10,15:00,391.26,700,501.18,364,1,27.26,213.68,27.26,186.42
2018-10,15:15,398.76,900,486.05,468,0,0,207.23,0,207.23
2018-10,15:30,398.48,900,412.61,468,0,0,175.92,0,175.92
2018-10,15:45,399.62,900,383.18,468,0,0,163.37,0,163.37
2018-10,16:00,396.04,900,348.26,468,0,0,148.48,0,148.48
2018-10,16:15,392.28,900,300.8,468,0,0,128.25,0,128.25
2018-10,16:30,384.51,900,242.89,468,0,0,103.56,0,103.56
2018-10,16:45,382.26,900,210.07,468,0,0,89.57,0,89.57
2018-10,17:00,380.61,900,156.44,468,0,0,66.7,0,66.7
2018-10,17:15,374.77,900,116.65,468,0,0,49.73,0,49.73
2018-10,17:30,371.91,900,80.99,468,0,0,34.53,0,34.53
2018-10,17:45,368.4,900,44.79,468,0,0,19.1,0,19.1
2018-10,18:00,356.17,900,20.18,468,0,0,8.6,0,8.6
2018-10,18:15,366.64,900,6.14,468,0,0,2.62,0,2.62
2018-10,18:30,401.45,700,0.84,364,1,37.45,0.36,0.36,0
2018-10,18:45,415.13,700,0,364,1,51.13,0,0,0
2018-10,19:00,420.14,700,0,364,1,56.14,0,0,0
2018-10,19:15,421.56,700,0,364,1,57.56,0,0,0
2018-10,19:30,420.07,700,0,364,1,56.07,0,0,0
2018-10,19:45,418.66,700,0,364,1,54.66,0,0,0
2018-10,20:00,417,700,0,364,1,53,0,0,0
2018-10,20:15,411.75,700,0,364,1,47.75,0,0,0
2018-10,20:30,402.12,700,0,364,1,38.12,0,0,0
2018-10,20:45,400.63,700,0,364,1,36.63,0,0,0
2018-10,21:00,389.38,700,0,364,1,25.38,0,0,0
2018-10,21:15,381.87,700,0,364,1,17.87,0,0,0
2018-10,21:30,373.33,700,0,364,1,9.33,0,0,0
2018-10,21:45,355.98,700,0,364,0,0,0,0,0
2018-10,22:00,345.77,700,0,364,0,0,0,0,0
2018-10,22:15,333.06,700,0,364,0,0,0,0,0
2018-10,22:30,317.39,700,0,364,0,0,0,0,0
2018-10,22:45,308.91,700,0,364,0,0,0,0,0
2018-10,23:00,295.84,700,0,364,0,0,0,0,0
2018-10,23:15,286.69,700,0,364,0,0,0,0,0
2018-10,23:30,278.46,700,0,364,0,0,0,0,0
2018-10,23:45,269.73,700,0,364,0,0,0,0,0
2018-11,0:00,246.03,700,0,364,0,0,0,0,0
2018-11,0:15,240.25,700,0,364,0,0,0,0,0
2018-11,0:30,235.08,700,0,364,0,0,0,0,0
2018-11,0:45,230.84,300,0,156,1,74.84,0,0,0
2018-11,1:00,227.44,300,0,156,1,71.44,0,0,0
2018-11,1:15,224.61,300,0,156,1,68.61,0,0,0
2018-11,1:30,222.37,300,0,156,1,66.37,0,0,0
2018-11,1:45,219.3,300,0,156,1,63.3,0,0,0
2018-11,2:00,216.9,300,0,156,1,60.9,0,0,0
2018-11,2:15,215.76,300,0,156,1,59.76,0,0,0
2018-11,2:30,215.63,300,0,156,1,59.63,0,0,0
2018-11,2:45,213.32,300,0,156,1,57.32,0,0,0
2018-11,3:00,212.56,300,0,156,1,56.56,0,0,0
2018-11,3:15,211.81,300,0,156,1,55.81,0,0,0
2018-11,3:30,211.66,300,0,156,1,55.66,0,0,0
2018-11,3:45,210.57,300,0,156,1,54.57,0,0,0
2018-11,4:00,209.58,300,0,156,1,53.58,0,0,0
2018-11,4:15,208.11,300,0,156,1,52.11,0,0,0
2018-11,4:30,208.59,300,0,156,1,52.59,0,0,0
2018-11,4:45,209.42,300,0,156,1,53.42,0,0,0
2018-11,5:00,214.08,300,0,156,1,58.08,0,0,0
2018-11,5:15,214.2,300,0,156,1,58.2,0,0,0
2018-11,5:30,211.78,300,0,156,1,55.78,0,0,0
2018-11,5:45,200.16,300,2.88,156,1,44.16,1.23,1.23,0
2018-11,6:00,192.84,700,12.65,364,0,0,5.39,0,5.39
2018-11,6:15,199.88,700,28.81,364,0,0,12.28,0,12.28
2018-11,6:30,207.4,700,51.84,364,0,0,22.1,0,22.1
2018-11,6:45,213.96,700,83.68,364,0,0,35.68,0,35.68
2018-11,7:00,223.62,700,115.21,364,0,0,49.12,0,49.12
2018-11,7:15,238.46,700,147.27,364,0,0,62.79,0,62.79
2018-11,7:30,253.92,700,181.99,364,0,0,77.59,0,77.59
2018-11,7:45,265.84,700,216.56,364,0,0,92.33,0,92.33
2018-11,8:00,286.53,700,246.02,364,0,0,104.89,0,104.89
2018-11,8:15,303.9,700,287.19,364,0,0,122.45,0,122.45
2018-11,8:30,315.76,700,312.72,364,0,0,133.33,0,133.33
2018-11,8:45,313.95,700,345.76,364,0,0,147.42,0,147.42
2018-11,9:00,317.43,700,394.39,364,0,0,168.15,0,168.15
2018-11,9:15,320.13,700,419.09,364,0,0,178.68,0,178.68
2018-11,9:30,330.3,700,450.56,364,0,0,192.1,0,192.1
2018-11,9:45,340.05,700,478.39,364,0,0,203.97,0,203.97
2018-11,10:00,352.1,700,527.66,364,0,0,224.97,0,224.97
2018-11,10:15,362.39,700,551.5,364,0,0,235.14,0,235.14
2018-11,10:30,367.35,700,552.46,364,1,3.35,235.55,3.35,232.2
2018-11,10:45,367.8,700,578.06,364,1,3.8,246.46,3.8,242.66
2018-11,11:00,364.79,700,601.2,364,1,0.79,256.33,0.79,255.54
2018-11,11:15,367.21,700,651.53,364,1,3.21,277.79,3.21,274.58
2018-11,11:30,368.11,700,648.2,364,1,4.11,276.37,4.11,272.26
2018-11,11:45,373.18,700,609.76,364,1,9.18,259.98,9.18,250.8
2018-11,12:00,358.19,700,712.99,364,0,0,303.99,0,303.99
2018-11,12:15,359.11,700,715.32,364,0,0,304.98,0,304.98
2018-11,12:30,356.8,700,630.46,364,0,0,268.8,0,268.8
2018-11,12:45,349.38,700,552.51,364,0,0,235.57,0,235.57
2018-11,13:00,341.06,700,547.5,364,0,0,233.43,0,233.43
2018-11,13:15,344.82,700,567.87,364,0,0,242.12,0,242.12
2018-11,13:30,350.48,700,532.49,364,0,0,227.03,0,227.03
2018-11,13:45,350.82,700,568.03,364,0,0,242.19,0,242.19
2018-11,14:00,353.35,700,525.05,364,0,0,223.86,0,223.86
2018-11,14:15,358.4,700,481.35,364,0,0,205.23,0,205.23
2018-11,14:30,363.76,700,428.39,364,0,0,182.65,0,182.65
2018-11,14:45,366.79,700,391.55,364,1,2.79,166.94,2.79,164.15
2018-11,15:00,365.1,700,328.97,364,1,1.1,140.26,1.1,139.16
2018-11,15:15,371.19,700,339.31,364,1,7.19,144.67,7.19,137.48
2018-11,15:30,363.8,700,300.84,364,0,0,128.27,0,128.27
2018-11,15:45,359.8,700,266.99,364,0,0,113.83,0,113.83
2018-11,16:00,355.61,700,233.75,364,0,0,99.66,0,99.66
2018-11,16:15,355.91,700,201.17,364,0,0,85.77,0,85.77
2018-11,16:30,359.59,700,172.99,364,0,0,73.76,0,73.76
2018-11,16:45,360.69,700,148.05,364,0,0,63.12,0,63.12
2018-11,17:00,364.36,700,125.81,364,1,0.36,53.64,0.36,53.28
2018-11,17:15,358.82,700,98.45,364,0,0,41.98,0,41.98
2018-11,17:30,352.33,700,70.53,364,0,0,30.07,0,30.07
2018-11,17:45,339.62,700,46.31,364,0,0,19.74,0,19.74
2018-11,18:00,321.85,700,28.15,364,0,0,12,0,12
2018-11,18:15,328.61,700,10.01,364,0,0,4.27,0,4.27
2018-11,18:30,356.98,700,1.48,364,0,0,0.63,0,0.63
2018-11,18:45,384.5,700,0,364,1,20.5,0,0,0
2018-11,19:00,394.89,700,0,364,1,30.89,0,0,0
2018-11,19:15,395.53,700,0,364,1,31.53,0,0,0
2018-11,19:30,394.38,700,0,364,1,30.38,0,0,0
2018-11,19:45,391.7,700,0,364,1,27.7,0,0,0
2018-11,20:00,388.86,700,0,364,1,24.86,0,0,0
2018-11,20:15,386.79,700,0,364,1,22.79,0,0,0
2018-11,20:30,384.58,700,0,364,1,20.58,0,0,0
2018-11,20:45,378.7,700,0,364,1,14.7,0,0,0
2018-11,21:00,370.32,700,0,364,1,6.32,0,0,0
2018-11,21:15,360.67,700,0,364,0,0,0,0,0
2018-11,21:30,349.82,700,0,364,0,0,0,0,0
2018-11,21:45,336.3,700,0,364,0,0,0,0,0
2018-11,22:00,323.57,700,0,364,0,0,0,0,0
2018-11,22:15,310.1,700,0,364,0,0,0,0,0
2018-11,22:30,299.19,700,0,364,0,0,0,0,0
2018-11,22:45,288.06,700,0,364,0,0,0,0,0
2018-11,23:00,276.98,700,0,364,0,0,0,0,0
2018-11,23:15,268.42,700,0,364,0,0,0,0,0
2018-11,23:30,259.76,700,0,364,0,0,0,0,0
2018-11,23:45,252.43,700,0,364,0,0,0,0,0
2018-12,0:00,234.75,700,0,364,0,0,0,0,0
2018-12,0:15,228.32,300,0,156,1,72.32,0,0,0
2018-12,0:30,223,300,0,156,1,67,0,0,0
2018-12,0:45,219.02,300,0,156,1,63.02,0,0,0
2018-12,1:00,214.92,300,0,156,1,58.92,0,0,0
2018-12,1:15,211.56,300,0,156,1,55.56,0,0,0
2018-12,1:30,208.48,300,0,156,1,52.48,0,0,0
2018-12,1:45,206.21,300,0,156,1,50.21,0,0,0
2018-12,2:00,204.2,300,0,156,1,48.2,0,0,0
2018-12,2:15,201.94,300,0,156,1,45.94,0,0,0
2018-12,2:30,200.34,300,0,156,1,44.34,0,0,0
2018-12,2:45,198.98,300,0,156,1,42.98,0,0,0
2018-12,3:00,197.83,300,0,156,1,41.83,0,0,0
2018-12,3:15,196.12,300,0,156,1,40.12,0,0,0
2018-12,3:30,194.16,300,0,156,1,38.16,0,0,0
2018-12,3:45,193.68,300,0,156,1,37.68,0,0,0
2018-12,4:00,192.72,300,0,156,1,36.72,0,0,0
2018-12,4:15,192.49,300,0,156,1,36.49,0,0,0
2018-12,4:30,191.84,300,0,156,1,35.84,0,0,0
2018-12,4:45,191.58,300,0,156,1,35.58,0,0,0
2018-12,5:00,194.69,300,0,156,1,38.69,0,0,0
2018-12,5:15,194.85,300,0,156,1,38.85,0,0,0
2018-12,5:30,191.18,300,0,156,1,35.18,0,0,0
2018-12,5:45,182.55,300,0.9,156,1,26.55,0.38,0.38,0
2018-12,6:00,171.15,300,7.24,156,1,15.15,3.09,3.09,0
2018-12,6:15,168.84,300,19.31,156,1,12.84,8.23,8.23,0
2018-12,6:30,171.57,400,36.32,208,0,0,15.49,0,15.49
2018-12,6:45,174.08,400,69.28,208,0,0,29.54,0,29.54
2018-12,7:00,180.28,700,92.22,364,0,0,39.32,0,39.32
2018-12,7:15,192.52,700,122.54,364,0,0,52.25,0,52.25
2018-12,7:30,206.21,700,147.57,364,0,0,62.92,0,62.92
2018-12,7:45,221.75,700,172.79,364,0,0,73.67,0,73.67
2018-12,8:00,234.33,700,212.99,364,0,0,90.81,0,90.81
2018-12,8:15,242.48,700,250.66,364,0,0,106.87,0,106.87
2018-12,8:30,247.37,700,267.22,364,0,0,113.93,0,113.93
2018-12,8:45,248.55,700,317.49,364,0,0,135.37,0,135.37
2018-12,9:00,251.65,700,365.56,364,0,0,155.86,0,155.86
2018-12,9:15,262.15,700,386.97,364,0,0,164.99,0,164.99
2018-12,9:30,272.98,700,434.23,364,0,0,185.14,0,185.14
2018-12,9:45,281.57,700,462.61,364,0,0,197.24,0,197.24
2018-12,10:00,281.91,700,485.67,364,0,0,207.07,0,207.07
2018-12,10:15,286.62,700,509.3,364,0,0,217.15,0,217.15
2018-12,10:30,288.37,700,546.64,364,0,0,233.07,0,233.07
2018-12,10:45,292.43,700,579.38,364,0,0,247.02,0,247.02
2018-12,11:00,293.46,700,603.33,364,0,0,257.24,0,257.24
2018-12,11:15,292.8,700,572.38,364,0,0,244.04,0,244.04
2018-12,11:30,295.34,700,656.07,364,0,0,279.72,0,279.72
2018-12,11:45,295.63,700,644.6,364,0,0,274.83,0,274.83
2018-12,12:00,289.05,700,647.02,364,0,0,275.86,0,275.86
2018-12,12:15,287.58,700,643.89,364,0,0,274.53,0,274.53
2018-12,12:30,286.87,700,625.71,364,0,0,266.78,0,266.78
2018-12,12:45,287.01,700,653.3,364,0,0,278.54,0,278.54
2018-12,13:00,289.37,700,622.94,364,0,0,265.6,0,265.6
2018-12,13:15,289.52,700,620.42,364,0,0,264.52,0,264.52
2018-12,13:30,291.91,700,643.14,364,0,0,274.21,0,274.21
2018-12,13:45,282.32,700,512.22,364,0,0,218.39,0,218.39
2018-12,14:00,285.88,700,520.45,364,0,0,221.9,0,221.9
2018-12,14:15,295.04,700,504.83,364,0,0,215.24,0,215.24
2018-12,14:30,304.07,700,518.31,364,0,0,220.99,0,220.99
2018-12,14:45,309.69,700,499.77,364,0,0,213.08,0,213.08
2018-12,15:00,310.93,700,462.34,364,0,0,197.12,0,197.12
2018-12,15:15,303.95,700,418.67,364,0,0,178.5,0,178.5
2018-12,15:30,299.98,700,403.23,364,0,0,171.92,0,171.92
2018-12,15:45,303.84,700,337.96,364,0,0,144.09,0,144.09
2018-12,16:00,304.19,700,325.86,364,0,0,138.93,0,138.93
2018-12,16:15,308.25,700,324.76,364,0,0,138.46,0,138.46
2018-12,16:30,304.61,700,265.16,364,0,0,113.05,0,113.05
2018-12,16:45,304.03,700,214.69,364,0,0,91.54,0,91.54
2018-12,17:00,301.77,700,180.01,364,0,0,76.75,0,76.75
2018-12,17:15,294.55,700,146.73,364,0,0,62.56,0,62.56
2018-12,17:30,286.44,700,108.4,364,0,0,46.22,0,46.22
2018-12,17:45,282.03,700,75.94,364,0,0,32.38,0,32.38
2018-12,18:00,269.61,700,45.34,364,0,0,19.33,0,19.33
2018-12,18:15,269.97,700,23.05,364,0,0,9.83,0,9.83
2018-12,18:30,280.23,700,10.12,364,0,0,4.31,0,4.31
2018-12,18:45,311.5,700,1.8,364,0,0,0.77,0,0.77
2018-12,19:00,341.71,700,0,364,0,0,0,0,0
2018-12,19:15,350.47,700,0,364,0,0,0,0,0
2018-12,19:30,352.74,700,0,364,0,0,0,0,0
2018-12,19:45,356.54,700,0,364,0,0,0,0,0
2018-12,20:00,355.01,700,0,364,0,0,0,0,0
2018-12,20:15,353.59,700,0,364,0,0,0,0,0
2018-12,20:30,352.95,700,0,364,0,0,0,0,0
2018-12,20:45,349.3,700,0,364,0,0,0,0,0
2018-12,21:00,344.32,700,0,364,0,0,0,0,0
2018-12,21:15,337.7,700,0,364,0,0,0,0,0
2018-12,21:30,329.63,700,0,364,0,0,0,0,0
2018-12,21:45,321.58,700,0,364,0,0,0,0,0
2018-12,22:00,312.4,700,0,364,0,0,0,0,0
2018-12,22:15,302.83,700,0,364,0,0,0,0,0
2018-12,22:30,293.64,700,0,364,0,0,0,0,0
2018-12,22:45,282.21,700,0,364,0,0,0,0,0
2018-12,23:00,271.96,700,0,364,0,0,0,0,0
2018-12,23:15,262.64,700,0,364,0,0,0,0,0
2018-12,23:30,254.73,700,0,364,0,0,0,0,0
2018-12,23:45,247.66,700,0,364,0,0,0,0,0
2019-01,0:00,232.63,700,0,364,0,0,0,0,0
2019-01,0:15,225.7,300,0,156,1,69.7,0,0,0
2019-01,0:30,221.25,300,0,156,1,65.25,0,0,0
2019-01,0:45,217.09,300,0,156,1,61.09,0,0,0
2019-01,1:00,213.96,300,0,156,1,57.96,0,0,0
2019-01,1:15,210.6,300,0,156,1,54.6,0,0,0
2019-01,1:30,208.18,300,0,156,1,52.18,0,0,0
2019-01,1:45,206.61,300,0,156,1,50.61,0,0,0
2019-01,2:00,204.88,300,0,156,1,48.88,0,0,0
2019-01,2:15,199.45,300,0,156,1,43.45,0,0,0
2019-01,2:30,200.9,300,0,156,1,44.9,0,0,0
2019-01,2:45,198.52,300,0,156,1,42.52,0,0,0
2019-01,3:00,197.16,300,0,156,1,41.16,0,0,0
2019-01,3:15,194.78,300,0,156,1,38.78,0,0,0
2019-01,3:30,194.92,300,0,156,1,38.92,0,0,0
2019-01,3:45,192.42,300,0,156,1,36.42,0,0,0
2019-01,4:00,192.2,300,0,156,1,36.2,0,0,0
2019-01,4:15,193.38,300,0,156,1,37.38,0,0,0
2019-01,4:30,192.66,300,0,156,1,36.66,0,0,0
2019-01,4:45,190.73,300,0,156,1,34.73,0,0,0
2019-01,5:00,192.75,300,0,156,1,36.75,0,0,0
2019-01,5:15,194.41,300,0,156,1,38.41,0,0,0
2019-01,5:30,191.71,300,0,156,1,35.71,0,0,0
2019-01,5:45,189.03,300,0,156,1,33.03,0,0,0
2019-01,6:00,181.47,300,0.95,156,1,25.47,0.41,0.41,0
2019-01,6:15,167.98,400,8.44,208,0,0,3.6,0,3.6
2019-01,6:30,164.33,400,21.74,208,0,0,9.27,0,9.27
2019-01,6:45,167.04,400,43.95,208,0,0,18.74,0,18.74
2019-01,7:00,171.01,400,74.88,208,0,0,31.93,0,31.93
2019-01,7:15,178.4,400,95.59,208,0,0,40.76,0,40.76
2019-01,7:30,188.59,400,122.51,208,0,0,52.23,0,52.23
2019-01,7:45,202.59,400,151.23,208,0,0,64.48,0,64.48
2019-01,8:00,213.37,400,180.14,208,1,5.37,76.8,5.37,71.43
2019-01,8:15,227.98,400,212.33,208,1,19.98,90.53,19.98,70.55
2019-01,8:30,230.93,400,253.34,208,1,22.93,108.01,22.93,85.08
2019-01,8:45,234.78,400,264.52,208,1,26.78,112.78,26.78,86
2019-01,9:00,244.62,400,290.82,208,1,36.62,123.99,36.62,87.37
2019-01,9:15,247.84,400,317.8,208,1,39.84,135.5,39.84,95.66
2019-01,9:30,250.21,400,342.55,208,1,42.21,146.05,42.21,103.84
2019-01,9:45,255.38,400,375.84,208,1,47.38,160.24,47.38,112.86
2019-01,10:00,262.78,400,430.84,208,1,54.78,183.69,54.78,128.91
2019-01,10:15,268.46,400,475.78,208,1,60.46,202.85,60.46,142.39
2019-01,10:30,271.13,400,481.37,208,1,63.13,205.24,63.13,142.11
2019-01,10:45,275.19,400,473.93,208,1,67.19,202.06,67.19,134.87
2019-01,11:00,273.7,400,505.94,208,1,65.7,215.71,65.7,150.01
2019-01,11:15,272.75,400,546.17,208,1,64.75,232.87,64.75,168.12
2019-01,11:30,272.54,400,485.07,208,1,64.54,206.81,64.54,142.27
2019-01,11:45,268.43,400,527.24,208,1,60.43,224.79,60.43,164.36
2019-01,12:00,268.06,400,497.1,208,1,60.06,211.94,60.06,151.88
2019-01,12:15,269.6,400,545.07,208,1,61.6,232.4,61.6,170.8
2019-01,12:30,270.96,400,565,208,1,62.96,240.89,62.96,177.93
2019-01,12:45,267.03,400,590.16,208,1,59.03,251.62,59.03,192.59
2019-01,13:00,265.88,400,562.81,208,1,57.88,239.96,57.88,182.08
2019-01,13:15,263.81,400,558.31,208,1,55.81,238.04,55.81,182.23
2019-01,13:30,261.77,400,549.66,208,1,53.77,234.35,53.77,180.58
2019-01,13:45,261.26,400,513.22,208,1,53.26,218.82,53.26,165.56
2019-01,14:00,261.5,400,493.75,208,1,53.5,210.52,53.5,157.02
2019-01,14:15,268.36,400,482.49,208,1,60.36,205.71,60.36,145.35
2019-01,14:30,271.7,400,487.46,208,1,63.7,207.83,63.7,144.13
2019-01,14:45,276.75,400,443.38,208,1,68.75,189.04,68.75,120.29
2019-01,15:00,276.7,400,414.03,208,1,68.7,176.53,68.7,107.83
2019-01,15:15,279.6,400,379.69,208,1,71.6,161.88,71.6,90.28
2019-01,15:30,279.66,400,402.74,208,1,71.66,171.71,71.66,100.05
2019-01,15:45,284.08,400,379.44,208,1,76.08,161.78,76.08,85.7
2019-01,16:00,278.88,400,305.68,208,1,70.88,130.33,70.88,59.45
2019-01,16:15,274.65,400,285.07,208,1,66.65,121.54,66.65,54.89
2019-01,16:30,279.92,400,260.93,208,1,71.92,111.25,71.92,39.33
2019-01,16:45,281.86,400,204.74,208,1,73.86,87.29,73.86,13.43
2019-01,17:00,285.03,400,173.73,208,1,77.03,74.07,74.07,0
2019-01,17:15,277.83,400,155.66,208,1,69.83,66.37,66.37,0
2019-01,17:30,274.75,400,120.77,208,1,66.75,51.49,51.49,0
2019-01,17:45,267.58,400,92.82,208,1,59.58,39.57,39.57,0
2019-01,18:00,262.9,400,65.27,208,1,54.9,27.83,27.83,0
2019-01,18:15,263.38,400,39.54,208,1,55.38,16.86,16.86,0
2019-01,18:30,270.76,400,19.64,208,1,62.76,8.37,8.37,0
2019-01,18:45,287.25,700,7.13,364,0,0,3.04,0,3.04
2019-01,19:00,320.41,700,0.51,364,0,0,0.22,0,0.22
2019-01,19:15,342.57,700,0,364,0,0,0,0,0
2019-01,19:30,347.27,700,0,364,0,0,0,0,0
2019-01,19:45,344.21,700,0,364,0,0,0,0,0
2019-01,20:00,346.7,700,0,364,0,0,0,0,0
2019-01,20:15,347.63,700,0,364,0,0,0,0,0
2019-01,20:30,346.05,700,0,364,0,0,0,0,0
2019-01,20:45,340.43,700,0,364,0,0,0,0,0
2019-01,21:00,332.61,700,0,364,0,0,0,0,0
2019-01,21:15,327.69,700,0,364,0,0,0,0,0
2019-01,21:30,320.11,700,0,364,0,0,0,0,0
2019-01,21:45,312.98,700,0,364,0,0,0,0,0
2019-01,22:00,303.6,700,0,364,0,0,0,0,0
2019-01,22:15,293.38,700,0,364,0,0,0,0,0
2019-01,22:30,283.02,700,0,364,0,0,0,0,0
2019-01,22:45,273.08,700,0,364,0,0,0,0,0
2019-01,23:00,263.25,700,0,364,0,0,0,0,0
2019-01,23:15,253.54,700,0,364,0,0,0,0,0
2019-01,23:30,244.93,700,0,364,0,0,0,0,0
2019-01,23:45,236.43,700,0,364,0,0,0,0,0
2019-02,0:00,238.52,700,0,364,0,0,0,0,0
2019-02,0:15,231.72,300,0,156,1,75.72,0,0,0
2019-02,0:30,226.62,300,0,156,1,70.62,0,0,0
2019-02,0:45,222.25,300,0,156,1,66.25,0,0,0
2019-02,1:00,217.38,300,0,156,1,61.38,0,0,0
2019-02,1:15,214.76,300,0,156,1,58.76,0,0,0
2019-02,1:30,213.15,300,0,156,1,57.15,0,0,0
2019-02,1:45,212.23,300,0,156,1,56.23,0,0,0
2019-02,2:00,210.28,300,0,156,1,54.28,0,0,0
2019-02,2:15,207.23,300,0,156,1,51.23,0,0,0
2019-02,2:30,204.64,300,0,156,1,48.64,0,0,0
2019-02,2:45,200.09,300,0,156,1,44.09,0,0,0
2019-02,3:00,199.4,300,0,156,1,43.4,0,0,0
2019-02,3:15,198.65,300,0,156,1,42.65,0,0,0
2019-02,3:30,197.47,300,0,156,1,41.47,0,0,0
2019-02,3:45,196.36,300,0,156,1,40.36,0,0,0
2019-02,4:00,192.19,300,0,156,1,36.19,0,0,0
2019-02,4:15,191.67,300,0,156,1,35.67,0,0,0
2019-02,4:30,192.52,300,0,156,1,36.52,0,0,0
2019-02,4:45,190.85,300,0,156,1,34.85,0,0,0
2019-02,5:00,193.62,300,0,156,1,37.62,0,0,0
2019-02,5:15,196.53,300,0,156,1,40.53,0,0,0
2019-02,5:30,193.99,300,0,156,1,37.99,0,0,0
2019-02,5:45,192.4,300,0,156,1,36.4,0,0,0
2019-02,6:00,194.7,300,0,156,1,38.7,0,0,0
2019-02,6:15,187.75,300,0.95,156,1,31.75,0.41,0.41,0
2019-02,6:30,176.24,400,9.57,208,0,0,4.08,0,4.08
2019-02,6:45,176.41,400,23.1,208,0,0,9.85,0,9.85
2019-02,7:00,180.55,400,42.46,208,0,0,18.1,0,18.1
2019-02,7:15,185.73,400,67.96,208,0,0,28.98,0,28.98
2019-02,7:30,196.04,400,100.19,208,0,0,42.72,0,42.72
2019-02,7:45,207.35,400,124.31,208,0,0,53,0,53
2019-02,8:00,217.29,400,156.58,208,1,9.29,66.76,9.29,57.47
2019-02,8:15,227.65,400,198.57,208,1,19.65,84.66,19.65,65.01
2019-02,8:30,244.14,400,240.73,208,1,36.14,102.64,36.14,66.5
2019-02,8:45,255.28,400,260.87,208,1,47.28,111.22,47.28,63.94
2019-02,9:00,263.08,400,293.75,208,1,55.08,125.24,55.08,70.16
2019-02,9:15,258.86,400,339.33,208,1,50.86,144.68,50.86,93.82
2019-02,9:30,264.35,400,381.32,208,1,56.35,162.58,56.35,106.23
2019-02,9:45,271.08,400,386.33,208,1,63.08,164.72,63.08,101.64
2019-02,10:00,279.24,400,409.33,208,1,71.24,174.52,71.24,103.28
2019-02,10:15,285.65,400,454.43,208,1,77.65,193.75,77.65,116.1
2019-02,10:30,285.65,400,464.89,208,1,77.65,198.21,77.65,120.56
2019-02,10:45,289.43,400,482.46,208,1,81.43,205.7,81.43,124.27
2019-02,11:00,289.15,400,526.01,208,1,81.15,224.27,81.15,143.12
2019-02,11:15,288.38,400,542.36,208,1,80.38,231.24,80.38,150.86
2019-02,11:30,298.35,400,576.66,208,1,90.35,245.86,90.35,155.51
2019-02,11:45,294.43,400,569.17,208,1,86.43,242.67,86.43,156.24
2019-02,12:00,283.77,400,534.74,208,1,75.77,227.99,75.77,152.22
2019-02,12:15,281.26,400,614.26,208,1,73.26,261.9,73.26,188.64
2019-02,12:30,285.9,400,614.03,208,1,77.9,261.8,77.9,183.9
2019-02,12:45,289.77,400,586.13,208,1,81.77,249.9,81.77,168.13
2019-02,13:00,292.54,400,592.37,208,1,84.54,252.56,84.54,168.02
2019-02,13:15,299.66,400,616.56,208,1,91.66,262.88,91.66,171.22
2019-02,13:30,300.34,400,615.82,208,1,92.34,262.56,92.34,170.22
2019-02,13:45,304.27,400,565.82,208,1,96.27,241.24,96.27,144.97
2019-02,14:00,311.45,400,543.75,208,1,103.45,231.83,103.45,128.38
2019-02,14:15,314.35,400,532.59,208,1,106.35,227.08,106.35,120.73
2019-02,14:30,317.19,400,475.43,208,1,109.19,202.7,109.19,93.51
2019-02,14:45,315.63,400,405.42,208,1,107.63,172.85,107.63,65.22
2019-02,15:00,315.2,400,419.15,208,1,107.2,178.71,107.2,71.51
2019-02,15:15,320.39,400,357.61,208,1,112.39,152.47,112.39,40.08
2019-02,15:30,320.44,400,369.01,208,1,112.44,157.33,112.44,44.89
2019-02,15:45,316.94,400,282.12,208,1,108.94,120.28,108.94,11.34
2019-02,16:00,315.11,700,276.73,364,0,0,117.99,0,117.99
2019-02,16:15,315.15,700,234.49,364,0,0,99.98,0,99.98
2019-02,16:30,312.47,700,210.37,364,0,0,89.69,0,89.69
2019-02,16:45,317.97,700,202.23,364,0,0,86.22,0,86.22
2019-02,17:00,319.61,700,164.19,364,0,0,70,0,70
2019-02,17:15,318.22,700,134.62,364,0,0,57.4,0,57.4
2019-02,17:30,314.98,700,113.12,364,0,0,48.23,0,48.23
2019-02,17:45,297.28,700,84.49,364,0,0,36.02,0,36.02
2019-02,18:00,285.81,700,55.02,364,0,0,23.46,0,23.46
2019-02,18:15,288.12,700,35.59,364,0,0,15.17,0,15.17
2019-02,18:30,295.03,700,15.9,364,0,0,6.78,0,6.78
2019-02,18:45,317.74,700,4.48,364,0,0,1.91,0,1.91
2019-02,19:00,348.07,700,0,364,0,0,0,0,0
2019-02,19:15,362.62,700,0,364,0,0,0,0,0
2019-02,19:30,366.48,700,0,364,1,2.48,0,0,0
2019-02,19:45,367.27,700,0,364,1,3.27,0,0,0
2019-02,20:00,365.9,700,0,364,1,1.9,0,0,0
2019-02,20:15,363.21,700,0,364,0,0,0,0,0
2019-02,20:30,359.87,700,0,364,0,0,0,0,0
2019-02,20:45,358.37,700,0,364,0,0,0,0,0
2019-02,21:00,353.76,700,0,364,0,0,0,0,0
2019-02,21:15,348.35,700,0,364,0,0,0,0,0
2019-02,21:30,340.22,700,0,364,0,0,0,0,0
2019-02,21:45,330.17,700,0,364,0,0,0,0,0
2019-02,22:00,319.21,700,0,364,0,0,0,0,0
2019-02,22:15,308.7,700,0,364,0,0,0,0,0
2019-02,22:30,299.49,700,0,364,0,0,0,0,0
2019-02,22:45,288.53,700,0,364,0,0,0,0,0
2019-02,23:00,278.55,700,0,364,0,0,0,0,0
2019-02,23:15,268.41,700,0,364,0,0,0,0,0
2019-02,23:30,259.34,700,0,364,0,0,0,0,0
2019-02,23:45,249.97,700,0,364,0,0,0,0,0
2019-03,0:00,239.01,700,0,364,0,0,0,0,0
2019-03,0:15,232.86,300,0,156,1,76.86,0,0,0
2019-03,0:30,227.88,300,0,156,1,71.88,0,0,0
2019-03,0:45,223.26,300,0,156,1,67.26,0,0,0
2019-03,1:00,219.11,300,0,156,1,63.11,0,0,0
2019-03,1:15,216.84,300,0,156,1,60.84,0,0,0
2019-03,1:30,214.19,300,0,156,1,58.19,0,0,0
2019-03,1:45,212.03,300,0,156,1,56.03,0,0,0
2019-03,2:00,210.26,300,0,156,1,54.26,0,0,0
2019-03,2:15,208.63,300,0,156,1,52.63,0,0,0
2019-03,2:30,206.87,300,0,156,1,50.87,0,0,0
2019-03,2:45,204.32,300,0,156,1,48.32,0,0,0
2019-03,3:00,203.46,300,0,156,1,47.46,0,0,0
2019-03,3:15,201.76,300,0,156,1,45.76,0,0,0
2019-03,3:30,200.39,300,0,156,1,44.39,0,0,0
2019-03,3:45,199.87,300,0,156,1,43.87,0,0,0
2019-03,4:00,199.71,300,0,156,1,43.71,0,0,0
2019-03,4:15,198.83,300,0,156,1,42.83,0,0,0
2019-03,4:30,197.14,300,0,156,1,41.14,0,0,0
2019-03,4:45,197.01,300,0,156,1,41.01,0,0,0
2019-03,5:00,199.56,300,0,156,1,43.56,0,0,0
2019-03,5:15,197.17,300,0,156,1,41.17,0,0,0
2019-03,5:30,195.3,300,0,156,1,39.3,0,0,0
2019-03,5:45,194.47,300,0,156,1,38.47,0,0,0
2019-03,6:00,197.27,300,0,156,1,41.27,0,0,0
2019-03,6:15,194.4,300,0.38,156,1,38.4,0.16,0.16,0
2019-03,6:30,180.47,400,8.34,208,0,0,3.56,0,3.56
2019-03,6:45,179.75,400,20.92,208,0,0,8.92,0,8.92
2019-03,7:00,187.04,400,41.04,208,0,0,17.5,0,17.5
2019-03,7:15,194.55,400,76.68,208,0,0,32.69,0,32.69
2019-03,7:30,204.6,400,103.62,208,0,0,44.18,0,44.18
2019-03,7:45,215.9,400,120.33,208,1,7.9,51.3,7.9,43.4
2019-03,8:00,232.27,400,167.72,208,1,24.27,71.51,24.27,47.24
2019-03,8:15,246.88,400,200.27,208,1,38.88,85.39,38.88,46.51
2019-03,8:30,257.28,400,265.92,208,1,49.28,113.38,49.28,64.1
2019-03,8:45,265.8,400,298.18,208,1,57.8,127.13,57.8,69.33
2019-03,9:00,277.73,400,295.5,208,1,69.73,125.99,69.73,56.26
2019-03,9:15,284.72,400,350.04,208,1,76.72,149.24,76.72,72.52
2019-03,9:30,294.05,400,407.89,208,1,86.05,173.91,86.05,87.86
2019-03,9:45,298.93,400,471.48,208,1,90.93,201.02,90.93,110.09
2019-03,10:00,299.26,400,487.18,208,1,91.26,207.71,91.26,116.45
2019-03,10:15,297.76,400,516.17,208,1,89.76,220.07,89.76,130.31
2019-03,10:30,299.64,400,538.39,208,1,91.64,229.55,91.64,137.91
2019-03,10:45,304.76,400,550.85,208,1,96.76,234.86,96.76,138.1
2019-03,11:00,311.47,400,605.29,208,1,103.47,258.07,103.47,154.6
2019-03,11:15,314.3,400,651.04,208,1,106.3,277.58,106.3,171.28
2019-03,11:30,324.39,400,686.15,208,1,116.39,292.55,116.39,176.16
2019-03,11:45,321.71,400,645.02,208,1,113.71,275.01,113.71,161.3
2019-03,12:00,307.89,400,694.1,208,1,99.89,295.94,99.89,196.05
2019-03,12:15,299.19,400,681.71,208,1,91.19,290.65,91.19,199.46
2019-03,12:30,295.47,400,681.83,208,1,87.47,290.71,87.47,203.24
2019-03,12:45,294.95,400,699.69,208,1,86.95,298.32,86.95,211.37
2019-03,13:00,300.63,400,680.59,208,1,92.63,290.18,92.63,197.55
2019-03,13:15,308.19,400,668.82,208,1,100.19,285.16,100.19,184.97
2019-03,13:30,306.32,400,582.7,208,1,98.32,248.44,98.32,150.12
2019-03,13:45,305.89,400,574.08,208,1,97.89,244.76,97.89,146.87
2019-03,14:00,313.14,400,570.42,208,1,105.14,243.2,105.14,138.06
2019-03,14:15,316.55,400,513.34,208,1,108.55,218.87,108.55,110.32
2019-03,14:30,314.64,400,396.51,208,1,106.64,169.06,106.64,62.42
2019-03,14:45,317.19,400,366.7,208,1,109.19,156.35,109.19,47.16
2019-03,15:00,324.51,400,384.42,208,1,116.51,163.9,116.51,47.39
2019-03,15:15,324.94,400,397.06,208,1,116.94,169.29,116.94,52.35
2019-03,15:30,326.18,400,411.63,208,1,118.18,175.5,118.18,57.32
2019-03,15:45,326.34,400,372.81,208,1,118.34,158.95,118.34,40.61
2019-03,16:00,320.22,400,330.42,208,1,112.22,140.88,112.22,28.66
2019-03,16:15,329.67,400,291.82,208,1,121.67,124.42,121.67,2.75
2019-03,16:30,326.25,400,229.57,208,1,118.25,97.88,97.88,0
2019-03,16:45,313.52,700,190.45,364,0,0,81.2,0,81.2
2019-03,17:00,314.01,700,164.45,364,0,0,70.11,0,70.11
2019-03,17:15,314.3,700,129.87,364,0,0,55.37,0,55.37
2019-03,17:30,309.63,700,107.38,364,0,0,45.78,0,45.78
2019-03,17:45,306.21,700,77.68,364,0,0,33.12,0,33.12
2019-03,18:00,305.12,700,41.29,364,0,0,17.6,0,17.6
2019-03,18:15,308.22,700,16.48,364,0,0,7.03,0,7.03
2019-03,18:30,323.33,700,4.83,364,0,0,2.06,0,2.06
2019-03,18:45,355.24,700,0.36,364,0,0,0.15,0,0.15
2019-03,19:00,371.48,700,0,364,1,7.48,0,0,0
2019-03,19:15,376.11,700,0,364,1,12.11,0,0,0
2019-03,19:30,374.74,700,0,364,1,10.74,0,0,0
2019-03,19:45,373.42,700,0,364,1,9.42,0,0,0
2019-03,20:00,370.73,700,0,364,1,6.73,0,0,0
2019-03,20:15,367.71,700,0,364,1,3.71,0,0,0
2019-03,20:30,364.43,700,0,364,1,0.43,0,0,0
2019-03,20:45,359.09,700,0,364,0,0,0,0,0
2019-03,21:00,355.69,700,0,364,0,0,0,0,0
2019-03,21:15,350.4,700,0,364,0,0,0,0,0
2019-03,21:30,342.32,700,0,364,0,0,0,0,0
2019-03,21:45,332.51,700,0,364,0,0,0,0,0
2019-03,22:00,321.79,700,0,364,0,0,0,0,0
2019-03,22:15,311.33,700,0,364,0,0,0,0,0
2019-03,22:30,299.39,700,0,364,0,0,0,0,0
2019-03,22:45,286.51,700,0,364,0,0,0,0,0
2019-03,23:00,275.81,700,0,364,0,0,0,0,0
2019-03,23:15,266.21,700,0,364,0,0,0,0,0
2019-03,23:30,255.53,700,0,364,0,0,0,0,0
2019-03,23:45,247.15,700,0,364,0,0,0,0,0
2019-04,0:00,244.91,700,0,364,0,0,0,0,0
2019-04,0:15,239.48,300,0,156,1,83.48,0,0,0
2019-04,0:30,233.76,300,0,156,1,77.76,0,0,0
2019-04,0:45,229.74,300,0,156,1,73.74,0,0,0
2019-04,1:00,225.22,300,0,156,1,69.22,0,0,0
2019-04,1:15,222.35,300,0,156,1,66.35,0,0,0
2019-04,1:30,217.38,300,0,156,1,61.38,0,0,0
2019-04,1:45,214.81,300,0,156,1,58.81,0,0,0
2019-04,2:00,212.47,300,0,156,1,56.47,0,0,0
2019-04,2:15,210.99,300,0,156,1,54.99,0,0,0
2019-04,2:30,209.09,300,0,156,1,53.09,0,0,0
2019-04,2:45,207.35,300,0,156,1,51.35,0,0,0
2019-04,3:00,205.77,300,0,156,1,49.77,0,0,0
2019-04,3:15,204.56,300,0,156,1,48.56,0,0,0
2019-04,3:30,202.9,300,0,156,1,46.9,0,0,0
2019-04,3:45,202.72,300,0,156,1,46.72,0,0,0
2019-04,4:00,201.91,300,0,156,1,45.91,0,0,0
2019-04,4:15,200.84,300,0,156,1,44.84,0,0,0
2019-04,4:30,200.26,300,0,156,1,44.26,0,0,0
2019-04,4:45,199.75,300,0,156,1,43.75,0,0,0
2019-04,5:00,204.74,300,0,156,1,48.74,0,0,0
2019-04,5:15,205.97,300,0,156,1,49.97,0,0,0
2019-04,5:30,203.5,300,0,156,1,47.5,0,0,0
2019-04,5:45,203.89,300,0,156,1,47.89,0,0,0
2019-04,6:00,201.5,300,0,156,1,45.5,0,0,0
2019-04,6:15,195.49,300,0.58,156,1,39.49,0.25,0.25,0
2019-04,6:30,185.58,400,9.99,208,0,0,4.26,0,4.26
2019-04,6:45,186.39,400,24.92,208,0,0,10.62,0,10.62
2019-04,7:00,199.13,400,47.25,208,0,0,20.15,0,20.15
2019-04,7:15,210.28,400,112.5,208,1,2.28,47.97,2.28,45.69
2019-04,7:30,216.42,400,155.52,208,1,8.42,66.31,8.42,57.89
2019-04,7:45,227.17,400,197.52,208,1,19.17,84.21,19.17,65.04
2019-04,8:00,245.82,400,241.22,208,1,37.82,102.85,37.82,65.03
2019-04,8:15,258.98,400,281.31,208,1,50.98,119.94,50.98,68.96
2019-04,8:30,281.56,400,307.95,208,1,73.56,131.3,73.56,57.74
2019-04,8:45,297.14,400,372.21,208,1,89.14,158.7,89.14,69.56
2019-04,9:00,295.42,400,427.34,208,1,87.42,182.2,87.42,94.78
2019-04,9:15,308.89,400,488.28,208,1,100.89,208.18,100.89,107.29
2019-04,9:30,326.59,400,526.81,208,1,118.59,224.61,118.59,106.02
2019-04,9:45,328.42,400,547.69,208,1,120.42,233.51,120.42,113.09
2019-04,10:00,329.54,400,598.74,208,1,121.54,255.28,121.54,133.74
2019-04,10:15,323.85,400,638.32,208,1,115.85,272.15,115.85,156.3
2019-04,10:30,319.3,400,665.34,208,1,111.3,283.67,111.3,172.37
2019-04,10:45,322.25,400,703.96,208,1,114.25,300.14,114.25,185.89
2019-04,11:00,331.28,400,713.64,208,1,123.28,304.27,123.28,180.99
2019-04,11:15,338.74,400,640.87,208,1,130.74,273.24,130.74,142.5
2019-04,11:30,343.17,400,714.76,208,1,135.17,304.75,135.17,169.58
2019-04,11:45,332.13,400,696.64,208,1,124.13,297.02,124.13,172.89
2019-04,12:00,314.79,400,724.04,208,1,106.79,308.7,106.79,201.91
2019-04,12:15,306.59,400,718.69,208,1,98.59,306.42,98.59,207.83
2019-04,12:30,308.02,400,748.02,208,1,100.02,318.93,100.02,218.91
2019-04,12:45,302.98,400,760.4,208,1,94.98,324.2,94.98,229.22
2019-04,13:00,309.52,400,728.73,208,1,101.52,310.7,101.52,209.18
2019-04,13:15,311.95,400,686.48,208,1,103.95,292.69,103.95,188.74
2019-04,13:30,311.6,400,688.73,208,1,103.6,293.65,103.6,190.05
2019-04,13:45,313.25,400,664.4,208,1,105.25,283.27,105.25,178.02
2019-04,14:00,318.07,400,610.62,208,1,110.07,260.34,110.07,150.27
2019-04,14:15,328.08,400,530.34,208,1,120.08,226.12,120.08,106.04
2019-04,14:30,331.01,400,523.55,208,1,123.01,223.22,123.01,100.21
2019-04,14:45,329.84,700,481.38,364,0,0,205.24,0,205.24
2019-04,15:00,340.91,700,455.06,364,0,0,194.02,0,194.02
2019-04,15:15,331.92,700,397.23,364,0,0,169.36,0,169.36
2019-04,15:30,342.61,700,368.94,364,0,0,157.3,0,157.3
2019-04,15:45,341.1,700,353.32,364,0,0,150.64,0,150.64
2019-04,16:00,340.43,700,336.18,364,0,0,143.33,0,143.33
2019-04,16:15,340.81,700,278.86,364,0,0,118.89,0,118.89
2019-04,16:30,339.02,700,248.19,364,0,0,105.82,0,105.82
2019-04,16:45,333.45,700,208.25,364,0,0,88.79,0,88.79
2019-04,17:00,330.59,700,162.86,364,0,0,69.44,0,69.44
2019-04,17:15,331.83,700,126.94,364,0,0,54.12,0,54.12
2019-04,17:30,324.27,700,81.49,364,0,0,34.74,0,34.74
2019-04,17:45,316.13,700,42.92,364,0,0,18.3,0,18.3
2019-04,18:00,313.81,700,16.94,364,0,0,7.22,0,7.22
2019-04,18:15,336.62,700,3.78,364,0,0,1.61,0,1.61
2019-04,18:30,366.47,700,0.17,364,1,2.47,0.07,0.07,0
2019-04,18:45,383.13,700,0,364,1,19.13,0,0,0
2019-04,19:00,387.65,700,0,364,1,23.65,0,0,0
2019-04,19:15,392.12,700,0,364,1,28.12,0,0,0
2019-04,19:30,391.75,700,0,364,1,27.75,0,0,0
2019-04,19:45,389.32,700,0,364,1,25.32,0,0,0
2019-04,20:00,387.12,700,0,364,1,23.12,0,0,0
2019-04,20:15,380.72,700,0,364,1,16.72,0,0,0
2019-04,20:30,375.78,700,0,364,1,11.78,0,0,0
2019-04,20:45,367.43,700,0,364,1,3.43,0,0,0
2019-04,21:00,363.16,700,0,364,0,0,0,0,0
2019-04,21:15,356.04,700,0,364,0,0,0,0,0
2019-04,21:30,347.47,700,0,364,0,0,0,0,0
2019-04,21:45,336.87,700,0,364,0,0,0,0,0
2019-04,22:00,324.22,700,0,364,0,0,0,0,0
2019-04,22:15,313.41,700,0,364,0,0,0,0,0
2019-04,22:30,300.76,700,0,364,0,0,0,0,0
2019-04,22:45,289.67,700,0,364,0,0,0,0,0
2019-04,23:00,278.43,700,0,364,0,0,0,0,0
2019-04,23:15,265.31,700,0,364,0,0,0,0,0
2019-04,23:30,257.65,700,0,364,0,0,0,0,0
2019-04,23:45,249.54,700,0,364,0,0,0,0,0
2019-05,0:00,240.72,700,0,364,0,0,0,0,0
2019-05,0:15,235.16,300,0,156,1,79.16,0,0,0
2019-05,0:30,230.04,300,0,156,1,74.04,0,0,0
2019-05,0:45,225,300,0,156,1,69,0,0,0
2019-05,1:00,221.66,300,0,156,1,65.66,0,0,0
2019-05,1:15,218.21,300,0,156,1,62.21,0,0,0
2019-05,1:30,215.87,300,0,156,1,59.87,0,0,0
2019-05,1:45,212.69,300,0,156,1,56.69,0,0,0
2019-05,2:00,210.83,300,0,156,1,54.83,0,0,0
2019-05,2:15,209.32,300,0,156,1,53.32,0,0,0
2019-05,2:30,207.85,300,0,156,1,51.85,0,0,0
2019-05,2:45,207.31,300,0,156,1,51.31,0,0,0
2019-05,3:00,205.55,300,0,156,1,49.55,0,0,0
2019-05,3:15,203.98,300,0,156,1,47.98,0,0,0
2019-05,3:30,203.29,300,0,156,1,47.29,0,0,0
2019-05,3:45,201.91,300,0,156,1,45.91,0,0,0
2019-05,4:00,201.52,300,0,156,1,45.52,0,0,0
2019-05,4:15,201.14,300,0,156,1,45.14,0,0,0
2019-05,4:30,200.81,300,0,156,1,44.81,0,0,0
2019-05,4:45,200.72,300,0,156,1,44.72,0,0,0
2019-05,5:00,207.15,300,0,156,1,51.15,0,0,0
2019-05,5:15,210.86,300,0,156,1,54.86,0,0,0
2019-05,5:30,208.93,300,0,156,1,52.93,0,0,0
2019-05,5:45,207.65,300,0,156,1,51.65,0,0,0
2019-05,6:00,211.52,300,0,156,1,55.52,0,0,0
2019-05,6:15,204.55,300,1.02,156,1,48.55,0.43,0.43,0
2019-05,6:30,193.48,400,8.57,208,0,0,3.65,0,3.65
2019-05,6:45,193.39,400,18.18,208,0,0,7.75,0,7.75
2019-05,7:00,202.28,400,28.85,208,0,0,12.3,0,12.3
2019-05,7:15,213.74,400,109.88,208,1,5.74,46.85,5.74,41.11
2019-05,7:30,228.95,400,170.33,208,1,20.95,72.62,20.95,51.67
2019-05,7:45,244.66,400,225.25,208,1,36.66,96.04,36.66,59.38
2019-05,8:00,263.44,400,287.59,208,1,55.44,122.62,55.44,67.18
2019-05,8:15,278.78,400,333.31,208,1,70.78,142.11,70.78,71.33
2019-05,8:30,297,400,373.56,208,1,89,159.27,89,70.27
2019-05,8:45,308.76,400,415.37,208,1,100.76,177.1,100.76,76.34
2019-05,9:00,320.44,400,459.64,208,1,112.44,195.97,112.44,83.53
2019-05,9:15,323.26,400,475.23,208,1,115.26,202.62,115.26,87.36
2019-05,9:30,328.99,400,506.26,208,1,120.99,215.85,120.99,94.86
2019-05,9:45,326.7,400,517.43,208,1,118.7,220.61,118.7,101.91
2019-05,10:00,330.09,400,553.81,208,1,122.09,236.12,122.09,114.03
2019-05,10:15,326.13,400,587.12,208,1,118.13,250.32,118.13,132.19
2019-05,10:30,325.7,400,614.63,208,1,117.7,262.05,117.7,144.35
2019-05,10:45,327.34,400,643.28,208,1,119.34,274.27,119.34,154.93
2019-05,11:00,336.32,400,677.93,208,1,128.32,289.04,128.32,160.72
2019-05,11:15,343.96,400,690.19,208,1,135.96,294.27,135.96,158.31
2019-05,11:30,350.57,400,707.77,208,1,142.57,301.76,142.57,159.19
2019-05,11:45,348.77,400,702.12,208,1,140.77,299.36,140.77,158.59
2019-05,12:00,328.28,400,749.23,208,1,120.28,319.44,120.28,199.16
2019-05,12:15,318.4,400,732.07,208,1,110.4,312.13,110.4,201.73
2019-05,12:30,312.29,400,708.23,208,1,104.29,301.96,104.29,197.67
2019-05,12:45,310.45,400,696.26,208,1,102.45,296.86,102.45,194.41
2019-05,13:00,316.79,400,712.93,208,1,108.79,303.96,108.79,195.17
2019-05,13:15,319.59,400,710.19,208,1,111.59,302.8,111.59,191.21
2019-05,13:30,320.63,400,672.16,208,1,112.63,286.58,112.63,173.95
2019-05,13:45,321.99,400,632.07,208,1,113.99,269.49,113.99,155.5
2019-05,14:00,332.18,400,607.3,208,1,124.18,258.93,124.18,134.75
2019-05,14:15,342.56,400,580.53,208,1,134.56,247.51,134.56,112.95
2019-05,14:30,352.87,400,539.06,208,1,144.87,229.83,144.87,84.96
2019-05,14:45,353.59,400,492.57,208,1,145.59,210.01,145.59,64.42
2019-05,15:00,346.51,700,433.84,364,0,0,184.97,0,184.97
2019-05,15:15,358.79,700,431.43,364,0,0,183.94,0,183.94
2019-05,15:30,360.02,700,369.84,364,0,0,157.68,0,157.68
2019-05,15:45,354.29,700,340.82,364,0,0,145.31,0,145.31
2019-05,16:00,360.5,700,281.84,364,0,0,120.17,0,120.17
2019-05,16:15,365.23,700,260.29,364,1,1.23,110.98,1.23,109.75
2019-05,16:30,370.19,700,213.1,364,1,6.19,90.86,6.19,84.67
2019-05,16:45,363.51,700,169.1,364,0,0,72.1,0,72.1
2019-05,17:00,359.47,700,139.33,364,0,0,59.4,0,59.4
2019-05,17:15,355.59,700,105.34,364,0,0,44.91,0,44.91
2019-05,17:30,343.72,700,65.9,364,0,0,28.1,0,28.1
2019-05,17:45,336.99,700,22.95,364,0,0,9.78,0,9.78
2019-05,18:00,344.31,700,6.03,364,0,0,2.57,0,2.57
2019-05,18:15,378.33,700,0,364,1,14.33,0,0,0
2019-05,18:30,400.2,700,0,364,1,36.2,0,0,0
2019-05,18:45,407.41,700,0,364,1,43.41,0,0,0
2019-05,19:00,406.61,700,0,364,1,42.61,0,0,0
2019-05,19:15,403.15,700,0,364,1,39.15,0,0,0
2019-05,19:30,390.18,700,0,364,1,26.18,0,0,0
2019-05,19:45,390.63,700,0,364,1,26.63,0,0,0
2019-05,20:00,394.37,700,0,364,1,30.37,0,0,0
2019-05,20:15,394.01,700,0,364,1,30.01,0,0,0
2019-05,20:30,388.38,700,0,364,1,24.38,0,0,0
2019-05,20:45,380.56,700,0,364,1,16.56,0,0,0
2019-05,21:00,372.96,700,0,364,1,8.96,0,0,0
2019-05,21:15,363.73,700,0,364,0,0,0,0,0
2019-05,21:30,352.43,700,0,364,0,0,0,0,0
2019-05,21:45,337.3,700,0,364,0,0,0,0,0
2019-05,22:00,323.83,700,0,364,0,0,0,0,0
2019-05,22:15,312.08,700,0,364,0,0,0,0,0
2019-05,22:30,300.55,700,0,364,0,0,0,0,0
2019-05,22:45,288.64,700,0,364,0,0,0,0,0
2019-05,23:00,277.91,700,0,364,0,0,0,0,0
2019-05,23:15,268.77,700,0,364,0,0,0,0,0
2019-05,23:30,260.07,700,0,364,0,0,0,0,0
2019-05,23:45,251.97,700,0,364,0,0,0,0,0
2019-06,0:00,258.9,700,0,364,0,0,0,0,0
2019-06,0:15,251.84,700,0,364,0,0,0,0,0
2019-06,0:30,246.14,700,0,364,0,0,0,0,0
2019-06,0:45,241.77,300,0,156,1,85.77,0,0,0
2019-06,1:00,236.89,300,0,156,1,80.89,0,0,0
2019-06,1:15,233.37,300,0,156,1,77.37,0,0,0
2019-06,1:30,231.07,300,0,156,1,75.07,0,0,0
2019-06,1:45,228.02,300,0,156,1,72.02,0,0,0
2019-06,2:00,225.63,300,0,156,1,69.63,0,0,0
2019-06,2:15,223.81,300,0,156,1,67.81,0,0,0
2019-06,2:30,223.7,300,0,156,1,67.7,0,0,0
2019-06,2:45,223.11,300,0,156,1,67.11,0,0,0
2019-06,3:00,222.18,300,0,156,1,66.18,0,0,0
2019-06,3:15,220.8,300,0,156,1,64.8,0,0,0
2019-06,3:30,219.55,300,0,156,1,63.55,0,0,0
2019-06,3:45,219.81,300,0,156,1,63.81,0,0,0
2019-06,4:00,219.93,300,0,156,1,63.93,0,0,0
2019-06,4:15,219.4,300,0,156,1,63.4,0,0,0
2019-06,4:30,218.65,300,0,156,1,62.65,0,0,0
2019-06,4:45,218.45,300,0,156,1,62.45,0,0,0
2019-06,5:00,223.65,300,0,156,1,67.65,0,0,0
2019-06,5:15,227.58,300,0,156,1,71.58,0,0,0
2019-06,5:30,226.2,300,0,156,1,70.2,0,0,0
2019-06,5:45,217.28,300,0,156,1,61.28,0,0,0
2019-06,6:00,222.53,300,0,156,1,66.53,0,0,0
2019-06,6:15,228.18,300,0,156,1,72.18,0,0,0
2019-06,6:30,220.75,300,3.04,156,1,64.75,1.3,1.3,0
2019-06,6:45,209.68,400,12.19,208,1,1.68,5.2,1.68,3.52
2019-06,7:00,215.4,400,27.22,208,1,7.4,11.61,7.4,4.21
2019-06,7:15,223.22,400,54.06,208,1,15.22,23.05,15.22,7.83
2019-06,7:30,236.84,400,126.5,208,1,28.84,53.93,28.84,25.09
2019-06,7:45,253.53,400,180.75,208,1,45.53,77.06,45.53,31.53
2019-06,8:00,271.32,400,232.47,208,1,63.32,99.12,63.32,35.8
2019-06,8:15,288.3,400,285.05,208,1,80.3,121.53,80.3,41.23
2019-06,8:30,299.93,400,319.41,208,1,91.93,136.18,91.93,44.25
2019-06,8:45,306.32,400,344.81,208,1,98.32,147.01,98.32,48.69
2019-06,9:00,310.66,400,390.95,208,1,102.66,166.69,102.66,64.03
2019-06,9:15,315.59,400,435.13,208,1,107.59,185.52,107.59,77.93
2019-06,9:30,325.62,400,491.62,208,1,117.62,209.61,117.62,91.99
2019-06,9:45,337.41,400,532.43,208,1,129.41,227.01,129.41,97.6
2019-06,10:00,344.17,400,551.86,208,1,136.17,235.29,136.17,99.12
2019-06,10:15,347.99,400,588.6,208,1,139.99,250.96,139.99,110.97
2019-06,10:30,353.15,400,639.4,208,1,145.15,272.61,145.15,127.46
2019-06,10:45,362.84,400,647.18,208,1,154.84,275.93,154.84,121.09
2019-06,11:00,374.31,400,683.87,208,1,166.31,291.57,166.31,125.26
2019-06,11:15,384.13,400,691.36,208,1,176.13,294.77,176.13,118.64
2019-06,11:30,388.97,400,705.69,208,1,180.97,300.88,180.97,119.91
2019-06,11:45,378.27,400,748.18,208,1,170.27,318.99,170.27,148.72
2019-06,12:00,361.13,400,693.47,208,1,153.13,295.67,153.13,142.54
2019-06,12:15,354.35,400,737.96,208,1,146.35,314.64,146.35,168.29
2019-06,12:30,350.79,400,707.12,208,1,142.79,301.49,142.79,158.7
2019-06,12:45,348.33,700,684.31,364,0,0,291.76,0,291.76
2019-06,13:00,350.63,700,707.52,364,0,0,301.66,0,301.66
2019-06,13:15,352.59,700,671.57,364,0,0,286.33,0,286.33
2019-06,13:30,356.41,700,656.37,364,0,0,279.85,0,279.85
2019-06,13:45,358.3,700,659.8,364,0,0,281.31,0,281.31
2019-06,14:00,364.61,700,625.29,364,1,0.61,266.6,0.61,265.99
2019-06,14:15,379.17,700,572.61,364,1,15.17,244.14,15.17,228.97
2019-06,14:30,393.71,700,510.74,364,1,29.71,217.76,29.71,188.05
2019-06,14:45,396.14,700,470.27,364,1,32.14,200.5,32.14,168.36
2019-06,15:00,401.63,700,428.41,364,1,37.63,182.66,37.63,145.03
2019-06,15:15,401.05,700,419.86,364,1,37.05,179.01,37.05,141.96
2019-06,15:30,405.9,700,415.79,364,1,41.9,177.28,41.9,135.38
2019-06,15:45,404.41,700,413.5,364,1,40.41,176.3,40.41,135.89
2019-06,16:00,396.02,700,343.35,364,1,32.02,146.39,32.02,114.37
2019-06,16:15,384.45,700,303.34,364,1,20.45,129.33,20.45,108.88
2019-06,16:30,393.04,700,284.85,364,1,29.04,121.45,29.04,92.41
2019-06,16:45,392.29,700,230.64,364,1,28.29,98.34,28.29,70.05
2019-06,17:00,384.92,700,182.78,364,1,20.92,77.93,20.92,57.01
2019-06,17:15,378.57,700,140.41,364,1,14.57,59.87,14.57,45.3
2019-06,17:30,371.65,700,83.35,364,1,7.65,35.54,7.65,27.89
2019-06,17:45,359.57,700,37.82,364,0,0,16.12,0,16.12
2019-06,18:00,365.8,700,9.02,364,1,1.8,3.85,1.8,2.05
2019-06,18:15,397.14,700,0.37,364,1,33.14,0.16,0.16,0
2019-06,18:30,426.9,700,0,364,1,62.9,0,0,0
2019-06,18:45,435.62,700,0,364,1,71.62,0,0,0
2019-06,19:00,438.52,700,0,364,1,74.52,0,0,0
2019-06,19:15,441.17,700,0,364,1,77.17,0,0,0
2019-06,19:30,439.16,700,0,364,1,75.16,0,0,0
2019-06,19:45,437.21,700,0,364,1,73.21,0,0,0
2019-06,20:00,432.85,700,0,364,1,68.85,0,0,0
2019-06,20:15,427.82,700,0,364,1,63.82,0,0,0
2019-06,20:30,422.49,700,0,364,1,58.49,0,0,0
2019-06,20:45,415.61,700,0,364,1,51.61,0,0,0
2019-06,21:00,407.31,700,0,364,1,43.31,0,0,0
2019-06,21:15,397.16,700,0,364,1,33.16,0,0,0
2019-06,21:30,384.31,700,0,364,1,20.31,0,0,0
2019-06,21:45,358.26,700,0,364,0,0,0,0,0
2019-06,22:00,337.61,700,0,364,0,0,0,0,0
2019-06,22:15,324.75,700,0,364,0,0,0,0,0
2019-06,22:30,311.97,700,0,364,0,0,0,0,0
2019-06,22:45,300.76,700,0,364,0,0,0,0,0
2019-06,23:00,288.96,700,0,364,0,0,0,0,0
2019-06,23:15,278.84,700,0,364,0,0,0,0,0
2019-06,23:30,268.36,700,0,364,0,0,0,0,0
2019-06,23:45,260.48,700,0,364,0,0,0,0,0
2019-07,0:00,251.55,700,0,364,0,0,0,0,0
2019-07,0:15,244.05,700,0,364,0,0,0,0,0
2019-07,0:30,240.04,300,0,156,1,84.04,0,0,0
2019-07,0:45,235.13,300,0,156,1,79.13,0,0,0
2019-07,1:00,228.67,300,0,156,1,72.67,0,0,0
2019-07,1:15,225.23,300,0,156,1,69.23,0,0,0
2019-07,1:30,223.09,300,0,156,1,67.09,0,0,0
2019-07,1:45,220.6,300,0,156,1,64.6,0,0,0
2019-07,2:00,217.59,300,0,156,1,61.59,0,0,0
2019-07,2:15,216.33,300,0,156,1,60.33,0,0,0
2019-07,2:30,213.85,300,0,156,1,57.85,0,0,0
2019-07,2:45,214.13,300,0,156,1,58.13,0,0,0
2019-07,3:00,214.05,300,0,156,1,58.05,0,0,0
2019-07,3:15,212.98,300,0,156,1,56.98,0,0,0
2019-07,3:30,212.44,300,0,156,1,56.44,0,0,0
2019-07,3:45,211.91,300,0,156,1,55.91,0,0,0
2019-07,4:00,212.12,300,0,156,1,56.12,0,0,0
2019-07,4:15,213.78,300,0,156,1,57.78,0,0,0
2019-07,4:30,213.42,300,0,156,1,57.42,0,0,0
2019-07,4:45,212.22,300,0,156,1,56.22,0,0,0
2019-07,5:00,214.67,300,0,156,1,58.67,0,0,0
2019-07,5:15,219.14,300,0,156,1,63.14,0,0,0
2019-07,5:30,220.83,300,0,156,1,64.83,0,0,0
2019-07,5:45,219.02,300,0,156,1,63.02,0,0,0
2019-07,6:00,219.77,300,0,156,1,63.77,0,0,0
2019-07,6:15,223.02,300,0,156,1,67.02,0,0,0
2019-07,6:30,212.24,300,0.16,156,1,56.24,0.07,0.07,0
2019-07,6:45,198.35,400,7.27,208,0,0,3.1,0,3.1
2019-07,7:00,203.16,400,17.1,208,0,0,7.29,0,7.29
2019-07,7:15,219.12,400,30.13,208,1,11.12,12.85,11.12,1.73
2019-07,7:30,239.25,400,101.22,208,1,31.25,43.16,31.25,11.91
2019-07,7:45,257.94,400,164.43,208,1,49.94,70.11,49.94,20.17
2019-07,8:00,276.42,400,211.36,208,1,68.42,90.12,68.42,21.7
2019-07,8:15,295.25,400,258.68,208,1,87.25,110.29,87.25,23.04
2019-07,8:30,302.51,400,318.59,208,1,94.51,135.83,94.51,41.32
2019-07,8:45,310.87,400,366.04,208,1,102.87,156.06,102.87,53.19
2019-07,9:00,326.06,400,404.4,208,1,118.06,172.42,118.06,54.36
2019-07,9:15,330.21,400,444.63,208,1,122.21,189.57,122.21,67.36
2019-07,9:30,346.23,400,485.49,208,1,138.23,206.99,138.23,68.76
2019-07,9:45,339.31,400,536.23,208,1,131.31,228.63,131.31,97.32
2019-07,10:00,348.46,400,563.23,208,1,140.46,240.14,140.46,99.68
2019-07,10:15,343.46,400,597.19,208,1,135.46,254.62,135.46,119.16
2019-07,10:30,352.54,400,629.87,208,1,144.54,268.55,144.54,124.01
2019-07,10:45,363.44,400,674.58,208,1,155.44,287.61,155.44,132.17
2019-07,11:00,372.47,400,684.11,208,1,164.47,291.68,164.47,127.21
2019-07,11:15,375.39,700,690.33,364,1,11.39,294.33,11.39,282.94
2019-07,11:30,383.06,700,686.08,364,1,19.06,292.52,19.06,273.46
2019-07,11:45,378.17,700,667.44,364,1,14.17,284.57,14.17,270.4
2019-07,12:00,345.3,700,654.29,364,0,0,278.96,0,278.96
2019-07,12:15,327.1,700,703.06,364,0,0,299.76,0,299.76
2019-07,12:30,337.82,700,654.33,364,0,0,278.98,0,278.98
2019-07,12:45,336.59,700,660.68,364,0,0,281.69,0,281.69
2019-07,13:00,335.73,700,664.58,364,0,0,283.35,0,283.35
2019-07,13:15,335.73,700,614.77,364,0,0,262.11,0,262.11
2019-07,13:30,348.27,700,637.11,364,0,0,271.64,0,271.64
2019-07,13:45,344.04,700,657.74,364,0,0,280.43,0,280.43
2019-07,14:00,352.6,700,592.32,364,0,0,252.54,0,252.54
2019-07,14:15,370.14,700,564.54,364,1,6.14,240.7,6.14,234.56
2019-07,14:30,380.52,700,521.19,364,1,16.52,222.21,16.52,205.69
2019-07,14:45,381.77,700,547.33,364,1,17.77,233.36,17.77,215.59
2019-07,15:00,403.63,700,531.94,364,1,39.63,226.8,39.63,187.17
2019-07,15:15,406.78,700,486.84,364,1,42.78,207.57,42.78,164.79
2019-07,15:30,406.77,700,436.38,364,1,42.77,186.05,42.77,143.28
2019-07,15:45,411.04,700,416.88,364,1,47.04,177.74,47.04,130.7
2019-07,16:00,409.33,700,365.61,364,1,45.33,155.88,45.33,110.55
2019-07,16:15,402.7,1100,297.76,572,0,0,126.95,0,126.95
2019-07,16:30,394.95,1100,260.68,572,0,0,111.14,0,111.14
2019-07,16:45,399.07,1100,237.42,572,0,0,101.23,0,101.23
2019-07,17:00,396.52,1100,185.78,572,0,0,79.21,0,79.21
2019-07,17:15,395,1100,149.43,572,0,0,63.71,0,63.71
2019-07,17:30,378.47,1100,107.36,572,0,0,45.77,0,45.77
2019-07,17:45,371.57,1100,64.7,572,0,0,27.59,0,27.59
2019-07,18:00,365.89,1100,19.84,572,0,0,8.46,0,8.46
2019-07,18:15,378.64,1100,4.3,572,0,0,1.83,0,1.83
2019-07,18:30,406.86,1100,0,572,0,0,0,0,0
2019-07,18:45,431.67,1100,0,572,0,0,0,0,0
2019-07,19:00,439.97,1100,0,572,0,0,0,0,0
2019-07,19:15,440.8,1100,0,572,0,0,0,0,0
2019-07,19:30,442.06,1100,0,572,0,0,0,0,0
2019-07,19:45,439.19,1100,0,572,0,0,0,0,0
2019-07,20:00,434.14,1100,0,572,0,0,0,0,0
2019-07,20:15,429.05,1100,0,572,0,0,0,0,0
2019-07,20:30,424.07,1100,0,572,0,0,0,0,0
2019-07,20:45,419.26,1100,0,572,0,0,0,0,0
2019-07,21:00,409.65,1100,0,572,0,0,0,0,0
2019-07,21:15,398.87,1100,0,572,0,0,0,0,0
2019-07,21:30,377.23,1100,0,572,0,0,0,0,0
2019-07,21:45,348.8,700,0,364,0,0,0,0,0
2019-07,22:00,343.52,700,0,364,0,0,0,0,0
2019-07,22:15,330.2,700,0,364,0,0,0,0,0
2019-07,22:30,317.16,700,0,364,0,0,0,0,0
2019-07,22:45,305.22,700,0,364,0,0,0,0,0
2019-07,23:00,291.77,700,0,364,0,0,0,0,0
2019-07,23:15,278.3,700,0,364,0,0,0,0,0
2019-07,23:30,265.57,700,0,364,0,0,0,0,0
2019-07,23:45,259.73,700,0,364,0,0,0,0,0
2019-08,0:00,262.27,700,0,364,0,0,0,0,0
2019-08,0:15,255.01,700,0,364,0,0,0,0,0
2019-08,0:30,250.96,700,0,364,0,0,0,0,0
2019-08,0:45,246.43,300,0,156,1,90.43,0,0,0
2019-08,1:00,241.85,300,0,156,1,85.85,0,0,0
2019-08,1:15,237.49,300,0,156,1,81.49,0,0,0
2019-08,1:30,234.46,300,0,156,1,78.46,0,0,0
2019-08,1:45,232.48,300,0,156,1,76.48,0,0,0
2019-08,2:00,229.9,300,0,156,1,73.9,0,0,0
2019-08,2:15,227.17,300,0,156,1,71.17,0,0,0
2019-08,2:30,226.97,300,0,156,1,70.97,0,0,0
2019-08,2:45,225.86,300,0,156,1,69.86,0,0,0
2019-08,3:00,225.32,300,0,156,1,69.32,0,0,0
2019-08,3:15,224.01,300,0,156,1,68.01,0,0,0
2019-08,3:30,223.56,300,0,156,1,67.56,0,0,0
2019-08,3:45,221.6,300,0,156,1,65.6,0,0,0
2019-08,4:00,220.32,300,0,156,1,64.32,0,0,0
2019-08,4:15,220.66,300,0,156,1,64.66,0,0,0
2019-08,4:30,220.86,300,0,156,1,64.86,0,0,0
2019-08,4:45,223.03,300,0,156,1,67.03,0,0,0
2019-08,5:00,226.32,300,0,156,1,70.32,0,0,0
2019-08,5:15,231.54,300,0,156,1,75.54,0,0,0
2019-08,5:30,232.39,300,0,156,1,76.39,0,0,0
2019-08,5:45,230.54,300,0,156,1,74.54,0,0,0
2019-08,6:00,230.67,300,0,156,1,74.67,0,0,0
2019-08,6:15,229.69,300,0,156,1,73.69,0,0,0
2019-08,6:30,217.49,700,4.28,364,0,0,1.82,0,1.82
2019-08,6:45,204.1,700,14.6,364,0,0,6.22,0,6.22
2019-08,7:00,213.66,400,33.57,208,1,5.66,14.31,5.66,8.65
2019-08,7:15,223.36,400,62.29,208,1,15.36,26.56,15.36,11.2
2019-08,7:30,235.58,400,128.38,208,1,27.58,54.74,27.58,27.16
2019-08,7:45,252.92,400,167.32,208,1,44.92,71.34,44.92,26.42
2019-08,8:00,271.81,400,213.35,208,1,63.81,90.96,63.81,27.15
2019-08,8:15,289.79,400,274.8,208,1,81.79,117.16,81.79,35.37
2019-08,8:30,301.27,700,328.99,364,0,0,140.27,0,140.27
2019-08,8:45,306.91,700,372.26,364,0,0,158.72,0,158.72
2019-08,9:00,309.89,400,424.42,208,1,101.89,180.96,101.89,79.07
2019-08,9:15,314.98,400,466.7,208,1,106.98,198.98,106.98,92
2019-08,9:30,324.21,400,520.26,208,1,116.21,221.82,116.21,105.61
2019-08,9:45,331.58,400,553.7,208,1,123.58,236.08,123.58,112.5
2019-08,10:00,328.98,400,581.42,208,1,120.98,247.89,120.98,126.91
2019-08,10:15,335.89,400,609.34,208,1,127.89,259.8,127.89,131.91
2019-08,10:30,339.01,400,663.98,208,1,131.01,283.09,131.01,152.08
2019-08,10:45,343.87,400,688.88,208,1,135.87,293.71,135.87,157.84
2019-08,11:00,344.28,400,714.31,208,1,136.28,304.55,136.28,168.27
2019-08,11:15,345.74,400,726.1,208,1,137.74,309.58,137.74,171.84
2019-08,11:30,348.51,400,746.71,208,1,140.51,318.37,140.51,177.86
2019-08,11:45,347.37,400,782.01,208,1,139.37,333.42,139.37,194.05
2019-08,12:00,338.63,400,784.8,208,1,130.63,334.61,130.63,203.98
2019-08,12:15,335.74,400,803.97,208,1,127.74,342.78,127.74,215.04
2019-08,12:30,335.25,400,770.64,208,1,127.25,328.57,127.25,201.32
2019-08,12:45,337.19,700,774.77,364,0,0,330.33,0,330.33
2019-08,13:00,338.03,700,746.78,364,0,0,318.4,0,318.4
2019-08,13:15,343.81,700,712.21,364,0,0,303.66,0,303.66
2019-08,13:30,338.5,700,692.51,364,0,0,295.26,0,295.26
2019-08,13:45,337.17,700,672.72,364,0,0,286.82,0,286.82
2019-08,14:00,351.62,700,623.88,364,0,0,266,0,266
2019-08,14:15,360.09,700,621.13,364,0,0,264.82,0,264.82
2019-08,14:30,370.8,700,616.3,364,1,6.8,262.77,6.8,255.97
2019-08,14:45,379.29,700,572.43,364,1,15.29,244.06,15.29,228.77
2019-08,15:00,389.09,700,544.81,364,1,25.09,232.29,25.09,207.2
2019-08,15:15,398.21,700,508.43,364,1,34.21,216.77,34.21,182.56
2019-08,15:30,397.16,700,469.76,364,1,33.16,200.29,33.16,167.13
2019-08,15:45,391.63,700,435.17,364,1,27.63,185.54,27.63,157.91
2019-08,16:00,389.64,700,409.88,364,1,25.64,174.76,25.64,149.12
2019-08,16:15,384.65,700,345.12,364,1,20.65,147.15,20.65,126.5
2019-08,16:30,387.16,700,295.43,364,1,23.16,125.96,23.16,102.8
2019-08,16:45,387.03,700,243.98,364,1,23.03,104.02,23.03,80.99
2019-08,17:00,384.55,700,196.78,364,1,20.55,83.9,20.55,63.35
2019-08,17:15,378.28,700,148.89,364,1,14.28,63.48,14.28,49.2
2019-08,17:30,365.43,700,104.05,364,1,1.43,44.36,1.43,42.93
2019-08,17:45,355.02,700,61.36,364,0,0,26.16,0,26.16
2019-08,18:00,352.9,700,23.02,364,0,0,9.81,0,9.81
2019-08,18:15,370.93,700,6.94,364,1,6.93,2.96,2.96,0
2019-08,18:30,413.76,1100,0,572,0,0,0,0,0
2019-08,18:45,440.88,1100,0,572,0,0,0,0,0
2019-08,19:00,447.39,1100,0,572,0,0,0,0,0
2019-08,19:15,446.99,1100,0,572,0,0,0,0,0
2019-08,19:30,442.78,1100,0,572,0,0,0,0,0
2019-08,19:45,439.23,1100,0,572,0,0,0,0,0
2019-08,20:00,436.04,1100,0,572,0,0,0,0,0
2019-08,20:15,432.61,1100,0,572,0,0,0,0,0
2019-08,20:30,427.37,1100,0,572,0,0,0,0,0
2019-08,20:45,420.31,1100,0,572,0,0,0,0,0
2019-08,21:00,412.62,1100,0,572,0,0,0,0,0
2019-08,21:15,401.73,1100,0,572,0,0,0,0,0
2019-08,21:30,386.1,1100,0,572,0,0,0,0,0
2019-08,21:45,368.36,1100,0,572,0,0,0,0,0
2019-08,22:00,353.28,700,0,364,0,0,0,0,0
2019-08,22:15,341.8,700,0,364,0,0,0,0,0
2019-08,22:30,328.27,700,0,364,0,0,0,0,0
2019-08,22:45,316.42,700,0,364,0,0,0,0,0
2019-08,23:00,304.38,700,0,364,0,0,0,0,0
2019-08,23:15,295.16,700,0,364,0,0,0,0,0
2019-08,23:30,284.23,700,0,364,0,0,0,0,0
2019-08,23:45,273.66,700,0,364,0,0,0,0,0
2019-09,0:00,300.26,700,0,364,0,0,0,0,0
2019-09,0:15,293.46,700,0,364,0,0,0,0,0
2019-09,0:30,288.28,700,0,364,0,0,0,0,0
2019-09,0:45,283.7,700,0,364,0,0,0,0,0
2019-09,1:00,279.4,700,0,364,0,0,0,0,0
2019-09,1:15,275.86,700,0,364,0,0,0,0,0
2019-09,1:30,270.88,700,0,364,0,0,0,0,0
2019-09,1:45,267.63,700,0,364,0,0,0,0,0
2019-09,2:00,265.5,300,0,156,1,109.5,0,0,0
2019-09,2:15,262.64,300,0,156,1,106.64,0,0,0
2019-09,2:30,261.03,300,0,156,1,105.03,0,0,0
2019-09,2:45,261.33,300,0,156,1,105.33,0,0,0
2019-09,3:00,263.2,300,0,156,1,107.2,0,0,0
2019-09,3:15,261.47,300,0,156,1,105.47,0,0,0
2019-09,3:30,254.71,300,0,156,1,98.71,0,0,0
2019-09,3:45,253.27,300,0,156,1,97.27,0,0,0
2019-09,4:00,254.77,300,0,156,1,98.77,0,0,0
2019-09,4:15,256.3,300,0,156,1,100.3,0,0,0
2019-09,4:30,255.22,300,0,156,1,99.22,0,0,0
2019-09,4:45,255.4,300,0,156,1,99.4,0,0,0
2019-09,5:00,260.49,300,0,156,1,104.49,0,0,0
2019-09,5:15,264.31,300,0,156,1,108.31,0,0,0
2019-09,5:30,263.44,300,0,156,1,107.44,0,0,0
2019-09,5:45,253.16,300,0,156,1,97.16,0,0,0
2019-09,6:00,248.3,300,0,156,1,92.3,0,0,0
2019-09,6:15,231.13,300,6.44,156,1,75.13,2.75,2.75,0
2019-09,6:30,224.51,400,19.29,208,1,16.51,8.22,8.22,0
2019-09,6:45,230.77,400,39.36,208,1,22.77,16.78,16.78,0
2019-09,7:00,243.24,400,69.44,208,1,35.24,29.61,29.61,0
2019-09,7:15,258.46,400,114.63,208,1,50.46,48.87,48.87,0
2019-09,7:30,274.93,400,153.36,208,1,66.93,65.39,65.39,0
2019-09,7:45,294.58,400,195.74,208,1,86.58,83.46,83.46,0
2019-09,8:00,313.62,700,235.26,364,0,0,100.31,0,100.31
2019-09,8:15,324.98,700,281.85,364,0,0,120.17,0,120.17
2019-09,8:30,332.83,700,331.84,364,0,0,141.48,0,141.48
2019-09,8:45,344.37,700,375.45,364,0,0,160.08,0,160.08
2019-09,9:00,347.42,700,422.85,364,0,0,180.29,0,180.29
2019-09,9:15,353.13,700,451.31,364,0,0,192.42,0,192.42
2019-09,9:30,353.1,700,507.21,364,0,0,216.25,0,216.25
2019-09,9:45,354.95,700,578.24,364,0,0,246.54,0,246.54
2019-09,10:00,369.55,700,615.41,364,1,5.55,262.39,5.55,256.84
2019-09,10:15,359.95,700,654.27,364,0,0,278.95,0,278.95
2019-09,10:30,386.34,700,690.5,364,1,22.34,294.4,22.34,272.06
2019-09,10:45,396.57,700,699.66,364,1,32.57,298.31,32.57,265.74
2019-09,11:00,400.67,700,700.02,364,1,36.67,298.46,36.67,261.79
2019-09,11:15,404.32,700,760.71,364,1,40.32,324.34,40.32,284.02
2019-09,11:30,403.78,700,759.7,364,1,39.78,323.91,39.78,284.13
2019-09,11:45,398.39,700,774.93,364,1,34.39,330.4,34.39,296.01
2019-09,12:00,385.05,700,767.1,364,1,21.05,327.06,21.05,306.01
2019-09,12:15,377.89,700,730.85,364,1,13.89,311.61,13.89,297.72
2019-09,12:30,378.25,700,741.42,364,1,14.25,316.11,14.25,301.86
2019-09,12:45,379.19,700,688.85,364,1,15.19,293.7,15.19,278.51
2019-09,13:00,381.45,700,716.36,364,1,17.45,305.43,17.45,287.98
2019-09,13:15,382.69,700,660.7,364,1,18.69,281.7,18.69,263.01
2019-09,13:30,390.08,700,632.29,364,1,26.08,269.58,26.08,243.5
2019-09,13:45,393.76,700,629.6,364,1,29.76,268.44,29.76,238.68
2019-09,14:00,400.84,700,598.58,364,1,36.84,255.21,36.84,218.37
2019-09,14:15,406.87,700,553.66,364,1,42.87,236.06,42.87,193.19
2019-09,14:30,405.62,700,542.63,364,1,41.62,231.36,41.62,189.74
2019-09,14:45,417.56,700,524.2,364,1,53.56,223.5,53.56,169.94
2019-09,15:00,425.32,700,486.82,364,1,61.32,207.56,61.32,146.24
2019-09,15:15,429.52,700,443.69,364,1,65.52,189.17,65.52,123.65
2019-09,15:30,429,700,386.79,364,1,65,164.91,65,99.91
2019-09,15:45,424.99,1100,340.46,572,0,0,145.16,0,145.16
2019-09,16:00,415.18,700,321.5,364,1,51.18,137.07,51.18,85.89
2019-09,16:15,417.64,1100,276.72,572,0,0,117.98,0,117.98
2019-09,16:30,415.98,1100,244.9,572,0,0,104.42,0,104.42
2019-09,16:45,412.92,1100,198.87,572,0,0,84.79,0,84.79
2019-09,17:00,409.2,1100,148.22,572,0,0,63.2,0,63.2
2019-09,17:15,405.82,1100,108.58,572,0,0,46.29,0,46.29
2019-09,17:30,399.4,1100,71.01,572,0,0,30.28,0,30.28
2019-09,17:45,393.84,1100,39.55,572,0,0,16.86,0,16.86
2019-09,18:00,393.2,1100,15.34,572,0,0,6.54,0,6.54
2019-09,18:15,411.21,1100,4.95,572,0,0,2.11,0,2.11
2019-09,18:30,443.34,1100,0,572,0,0,0,0,0
2019-09,18:45,461.9,1100,0,572,0,0,0,0,0
2019-09,19:00,464.79,1100,0,572,0,0,0,0,0
2019-09,19:15,468.12,1100,0,572,0,0,0,0,0
2019-09,19:30,463.48,1100,0,572,0,0,0,0,0
2019-09,19:45,460.16,1100,0,572,0,0,0,0,0
2019-09,20:00,455.81,1100,0,572,0,0,0,0,0
2019-09,20:15,450.49,1100,0,572,0,0,0,0,0
2019-09,20:30,446.99,1100,0,572,0,0,0,0,0
2019-09,20:45,442.35,1100,0,572,0,0,0,0,0
2019-09,21:00,436.26,1100,0,572,0,0,0,0,0
2019-09,21:15,427.61,1100,0,572,0,0,0,0,0
2019-09,21:30,411.05,1100,0,572,0,0,0,0,0
2019-09,21:45,395.86,1100,0,572,0,0,0,0,0
2019-09,22:00,382.93,1100,0,572,0,0,0,0,0
2019-09,22:15,369.97,1100,0,572,0,0,0,0,0
2019-09,22:30,357.02,700,0,364,0,0,0,0,0
2019-09,22:45,345.87,700,0,364,0,0,0,0,0
2019-09,23:00,329.35,700,0,364,0,0,0,0,0
2019-09,23:15,318.48,700,0,364,0,0,0,0,0
2019-09,23:30,309.59,700,0,364,0,0,0,0,0
2019-09,23:45,303.54,700,0,364,0,0,0,0,0
